,random,reward,progress,loss
0,0.5,-829.6625,0,0.07399757951498032
1,0.5,-552.5673122874516,0,0.07125264406204224
2,0.5,-502.9411101345247,0,2.1449856758117676
3,0.5,-530.9776704486571,0,0.06630390882492065
4,0.5,-835.5125,0,0.06317465752363205
5,0.5,-558.5431714684848,0,0.0611126534640789
6,0.5,-559.1410177182031,0,0.0585596039891243
7,0.5,-738.6914763854446,0,0.05619945749640465
8,0.5,-593.1842177004216,0,0.054136842489242554
9,0.5,-662.5875000000001,0,2.1345276832580566
10,0.5,-960.4198985235384,0,0.05094236135482788
11,0.5,-790.0506321840626,0,2.1299195289611816
12,0.5,-895.4109537660199,0,0.048941709101200104
13,0.5,-837.2411101345245,0,0.04796033725142479
14,0.5,-435.81250000000006,0,6.272843360900879
15,0.5,-906.18595376602,0,0.0462171845138073
16,0.5,-841.3411101345247,0,2.126481771469116
17,0.5,-808.1911101345245,0,0.044806115329265594
18,0.5,-796.91404623398,0,0.04409129172563553
19,0.5,-965.7948985235384,0,0.04308665916323662
20,0.5,-779.3256321840626,0,0.042254745960235596
21,0.5,-805.5411101345247,0,0.04145943373441696
22,0.5,-386.2740842164193,0,2.118142604827881
23,0.5,-654.58376483683,0,0.04037654399871826
24,0.5,-573.6596717615712,0,0.03980385884642601
25,0.5,-550.4461314225478,0,0.03926418721675873
26,0.5,-690.7036525626222,0,0.03854008764028549
27,0.5,-606.3600143532973,0,0.037911586463451385
28,0.5,-899.31095376602,0,4.204217433929443
29,0.5,-833.6625,0,0.036733515560626984
30,0.5,-860.9125,0,0.0362367108464241
31,0.5,-873.1838898654753,0,0.03576433286070824
32,0.5,-840.8125,0,0.03534310311079025
33,0.5,-807.13904623398,0,0.034739550203084946
34,0.5,-920.1993678159375,0,0.03425604850053787
35,0.5,-791.9006321840625,0,0.033770427107810974
36,0.5,-781.9140462339799,0,0.033224962651729584
37,0.5,-880.7088898654754,0,4.198342800140381
38,0.5,-906.0609537660201,0,0.032220982015132904
39,0.5,-789.7506321840625,0,0.031777795404195786
40,0.5,-913.5993678159375,0,0.031282685697078705
41,0.5,-466.06611013452465,0,0.031177541241049767
42,0.5,-556.8125,0,0.030669599771499634
43,0.5,-397.8256321840625,0,0.030452720820903778
44,0.5,-558.0411101345247,0,0.029776474460959435
45,0.5,-632.7423122874516,0,0.029257263988256454
46,0.5,-565.9993678159375,0,0.02881762385368347
47,0.5,-512.3261478065061,0,0.028529061004519463
48,0.5,-636.3307341150391,0,0.02804487943649292
49,0.5,-464.2607488391998,0,2.108029365539551
50,0.5,-709.4376390180632,0,4.196381092071533
51,0.5,-550.6125,0,0.026708323508501053
52,0.5,-601.1198985235384,0,0.02629528008401394
53,0.5,-456.83904623398007,0,2.1025843620300293
54,0.5,-515.7338898654755,0,0.025697316974401474
55,0.5,-456.1911101345246,0,0.025438375771045685
56,0.5,-535.1125000000001,0,0.024971602484583855
57,0.5,-579.3493678159375,0,2.1031758785247803
58,0.5,-532.9390462339802,0,0.024228429421782494
59,0.5,-903.1609537660199,0,0.02362195774912834
60,0.5,-949.8673122874516,0,0.0233450960367918
61,0.5,-780.7006321840626,0,0.02308916114270687
62,0.5,-821.3911101345245,0,0.022738713771104813
63,0.5,-939.1423122874514,0,0.022361796349287033
64,0.5,-785.0006321840626,0,2.1026618480682373
65,0.5,-929.4673122874516,0,2.1067991256713867
66,0.5,-827.26404623398,0,0.02139529213309288
67,0.5,-946.6173122874516,0,0.02106877788901329
68,0.5,-848.5088898654753,0,0.02077534794807434
69,0.5,-946.8198985235383,0,0.02046307921409607
70,0.5,-622.9125,0,0.0203924011439085
71,0.5,-668.6442180828491,0,0.020062604919075966
72,0.5,-537.5841076614315,0,0.019886035472154617
73,0.5,-532.4335152003783,0,0.019559621810913086
74,0.5,-590.2743678159375,0,0.019146261736750603
75,0.5,-448.4801014764615,0,0.019026268273591995
76,0.5,-514.66404623398,0,0.018592379987239838
77,0.5,-621.5359537660199,0,0.018203005194664
78,0.5,1621.142167304,0,0.018168726935982704
79,0.5,-592.68595376602,0,0.01760367676615715
80,0.5,-701.9249652596104,0,0.017288928851485252
81,0.5,-762.166472779369,0,0.016988223418593407
82,0.5,-629.3162351631703,0,2.098215103149414
83,0.5,-546.2427646997864,0,0.016510870307683945
84,0.5,-543.9493678159374,0,2.094191074371338
85,0.5,-485.9787813541906,0,0.016077224165201187
86,0.5,-521.7679012587785,0,0.015732206404209137
87,0.5,-541.2989302442021,0,0.015479592606425285
88,0.5,-500.57614780650607,0,0.015241224318742752
89,0.5,-520.0553990428936,0,0.0149378702044487
90,0.5,-621.326185323725,0,0.01467182394117117
91,0.5,-641.0780179130202,0,0.014436411671340466
92,0.5,-652.2174168425897,0,0.014140589162707329
93,0.5,-710.3698985235385,0,0.013755328953266144
94,0.5,-457.5838898654752,0,0.01373275276273489
95,0.5,-561.5859537660199,0,0.013351350091397762
96,0.5,-936.6423122874515,0,4.182825088500977
97,0.5,-900.0993678159375,0,0.012739194557070732
98,0.5,-888.1088898654752,0,0.012542097829282284
99,0.5,-922.8243678159374,0,0.012359971180558205
100,0.49666666666666665,-970.1948985235383,0,0.012181851081550121
101,0.49666666666666665,-819.3390462339798,0,0.011984637007117271
102,0.49666666666666665,-816.7640462339801,0,2.0923948287963867
103,0.49666666666666665,-738.3301014764616,0,4.170743465423584
104,0.49666666666666665,-592.03595376602,0,0.011681148782372475
105,0.49666666666666665,-569.4423122874515,0,0.011591577902436256
106,0.49666666666666665,-532.31404623398,0,0.01148991473019123
107,0.49666666666666665,-492.0088898654753,0,0.011414794251322746
108,0.49666666666666665,-571.2923122874515,0,0.01119698490947485
109,0.49666666666666665,1667.6024106431137,0,0.011338970623910427
110,0.49666666666666665,-499.19111013452476,0,0.010953564196825027
111,0.49666666666666665,-478.35888986547536,0,0.010780713520944118
112,0.49666666666666665,-566.5359537660202,0,0.010560783557593822
113,0.49666666666666665,-518.1838898654753,0,0.010385893285274506
114,0.49666666666666665,-487.6911101345247,0,0.010285637341439724
115,0.49666666666666665,-627.2948985235384,0,0.009966433979570866
116,0.49666666666666665,-541.8838898654753,0,2.0874147415161133
117,0.49666666666666665,-549.3875,0,2.087186336517334
118,0.49666666666666665,-522.3661101345245,0,0.009581048972904682
119,0.49666666666666665,-439.3801014764615,0,0.00952268298715353
120,0.49666666666666665,-474.31250000000006,0,0.009312661364674568
121,0.49666666666666665,-516.4375,0,0.009091214276850224
122,0.49666666666666665,-414.0140462339801,0,0.009036991745233536
123,0.49666666666666665,-755.4326877125485,0,0.008562520146369934
124,0.49666666666666665,-860.2875000000001,0,0.008390229195356369
125,0.49666666666666665,-826.0661101345246,0,0.008253553882241249
126,0.49666666666666665,-809.9890462339799,0,0.008099278435111046
127,0.49666666666666665,-893.11095376602,0,0.007956619374454021
128,0.49666666666666665,-836.9625000000001,0,0.0077900877222418785
129,0.49666666666666665,-888.4088898654752,0,0.007668066769838333
130,0.49666666666666665,-955.8423122874516,0,0.007489807903766632
131,0.49666666666666665,-813.5640462339801,0,0.007368928752839565
132,0.49666666666666665,-942.9173122874515,0,0.007217838428914547
133,0.49666666666666665,-818.76404623398,0,0.007089538034051657
134,0.49666666666666665,-726.9345996545749,0,0.007097938563674688
135,0.49666666666666665,-528.6405993989529,0,0.007084866054356098
136,0.49666666666666665,-613.3875,0,0.006861746311187744
137,0.49666666666666665,-585.3125,0,2.089360237121582
138,0.49666666666666665,-594.8306660916464,0,0.006613689474761486
139,0.49666666666666665,-785.1756321840625,0,0.006324553396552801
140,0.49666666666666665,-804.8640462339799,0,0.006183530203998089
141,0.49666666666666665,-784.5256321840627,0,0.006073725875467062
142,0.49666666666666665,-924.4743678159375,0,2.0902037620544434
143,0.49666666666666665,-780.2756321840625,0,0.005842310376465321
144,0.49666666666666665,-591.3625,0,0.00592099130153656
145,0.49666666666666665,-504.11250000000007,0,0.005892838817089796
146,0.49666666666666665,-428.41611013452496,0,0.0058889626525342464
147,0.49666666666666665,-417.60063218406265,0,0.005814204923808575
148,0.49666666666666665,-484.1875,0,0.005627024453133345
149,0.49666666666666665,-533.16095376602,0,2.083831787109375
150,0.49666666666666665,-611.5493678159373,0,0.005296418443322182
151,0.49666666666666665,-608.7923122874518,0,0.005229299422353506
152,0.49666666666666665,-520.7859537660202,0,2.0833239555358887
153,0.49666666666666665,-620.3448985235384,0,0.005056903697550297
154,0.49666666666666665,-434.05510147646163,0,0.005171994678676128
155,0.49666666666666665,-557.3411101345246,0,0.004936617333441973
156,0.49666666666666665,-536.3698985235385,0,0.004871384706348181
157,0.49666666666666665,-535.6243678159376,0,2.0834736824035645
158,0.49666666666666665,-544.2493678159374,0,0.004694851581007242
159,0.49666666666666665,-767.4826877125485,0,0.004446359816938639
160,0.49666666666666665,-806.31404623398,0,0.004369916394352913
161,0.49666666666666665,-874.0088898654753,0,0.004294515587389469
162,0.49666666666666665,-897.11095376602,0,6.254838466644287
163,0.49666666666666665,-916.0243678159376,0,0.00420207716524601
164,0.49666666666666665,-724.1801014764615,0,2.0838868618011475
165,0.49666666666666665,-755.5576877125484,0,0.004190428182482719
166,0.49666666666666665,-740.5051014764615,0,2.0838208198547363
167,0.49666666666666665,-881.5838898654754,0,0.00409855367615819
168,0.49666666666666665,-946.7173122874515,0,2.089128255844116
169,0.49666666666666665,-883.2588898654755,0,2.0876083374023438
170,0.49666666666666665,-649.1710493278401,0,2.087360382080078
171,0.49666666666666665,-609.3882774096182,0,0.004199029877781868
172,0.49666666666666665,-692.1239034266489,0,0.004224705975502729
173,0.49666666666666665,-647.543420615608,0,0.0042596254497766495
174,0.49666666666666665,-650.7798010996021,0,0.004183081444352865
175,0.49666666666666665,-717.9924580782165,0,0.004191998392343521
176,0.49666666666666665,-670.8460638091544,0,0.0041567375883460045
177,0.49666666666666665,-688.9634230648992,0,0.004096667282283306
178,0.49666666666666665,-532.6305900460193,0,0.004157361574470997
179,0.49666666666666665,-540.834218275874,0,0.004037629812955856
180,0.49666666666666665,-674.3048010996022,0,2.0882527828216553
181,0.49666666666666665,-636.0448985235384,0,0.0038230502977967262
182,0.49666666666666665,-575.5673122874516,0,0.00385141558945179
183,0.49666666666666665,-528.1838898654753,0,0.0038573099300265312
184,0.49666666666666665,-501.11250000000007,0,0.003836007323116064
185,0.49666666666666665,1644.3838898654753,0,2.0960850715637207
186,0.49666666666666665,1657.1359537660198,0,0.003970051184296608
187,0.49666666666666665,-506.58595376602,0,0.0036600446328520775
188,0.49666666666666665,-538.5423122874515,0,0.003574972040951252
189,0.49666666666666665,-601.1359537660201,0,0.003433218691498041
190,0.49666666666666665,-478.97563218406253,0,0.0035060523077845573
191,0.49666666666666665,-471.4411101345248,0,2.079721450805664
192,0.49666666666666665,-494.96095376602,0,2.0803472995758057
193,0.49666666666666665,-447.98749999999995,0,0.003379345405846834
194,0.49666666666666665,1636.8923122874514,0,0.0034447642974555492
195,0.49666666666666665,-562.43904623398,0,0.003137105144560337
196,0.49666666666666665,-525.7625,0,2.0804102420806885
197,0.49666666666666665,-567.2838898654754,0,0.00301831285469234
198,0.49666666666666665,-549.4875,0,0.0029817442409694195
199,0.49666666666666665,-809.01404623398,0,0.0027520228177309036
200,0.49333333333333335,-740.1051014764615,0,0.0027451086789369583
201,0.49333333333333335,-775.9826877125483,0,0.0026778820902109146
202,0.49333333333333335,-967.1448985235384,0,2.0885491371154785
203,0.49333333333333335,-860.5338898654753,0,2.0857434272766113
204,0.49333333333333335,-699.5359304783947,0,0.0026603760197758675
205,0.49333333333333335,-514.37706302112,0,0.00278180162422359
206,0.49333333333333335,-520.419842601557,0,0.0027797098737210035
207,0.49333333333333335,-589.0124999999999,0,0.0027030319906771183
208,0.49333333333333335,-587.6280780518379,0,0.0026924600824713707
209,0.49333333333333335,-658.9778144055579,0,0.0026824742089957
210,0.49333333333333335,-627.8875,0,0.0026649939827620983
211,0.49333333333333335,-717.8220499279964,0,0.002514384686946869
212,0.49333333333333335,-531.9014215798087,0,2.082064628601074
213,0.49333333333333335,-748.248584624525,0,2.087592840194702
214,0.49333333333333335,-544.1885347559248,0,2.0833520889282227
215,0.49333333333333335,-461.3057106572977,0,2.0811309814453125
216,0.49333333333333335,-617.2625,0,2.085413694381714
217,0.49333333333333335,-529.1677342089615,0,0.002529265359044075
218,0.49333333333333335,-690.1606278197083,0,0.002437072806060314
219,0.49333333333333335,-638.2375000000001,0,2.085043430328369
220,0.49333333333333335,-533.1923122874517,0,0.0024651777930557728
221,0.49333333333333335,-534.3625000000001,0,2.0799710750579834
222,0.49333333333333335,-475.11611013452466,0,0.002554972656071186
223,0.49333333333333335,-497.86404623397993,0,2.0788774490356445
224,0.49333333333333335,-509.59936781593746,0,0.0025166994892060757
225,0.49333333333333335,-416.73904623398005,0,0.0026320021133869886
226,0.49333333333333335,-479.23749999999995,0,0.0025358167476952076
227,0.49333333333333335,-492.6006321840626,0,0.002521679736673832
228,0.49333333333333335,-490.4411101345247,0,0.0024798549711704254
229,0.49333333333333335,-642.7923122874516,0,0.002297936240211129
230,0.49333333333333335,1671.2637872367914,0,0.002667841501533985
231,0.49333333333333335,1561.0423122874518,0,0.0024865579325705767
232,0.49333333333333335,1667.192833470091,0,0.002589654177427292
233,0.49333333333333335,-560.28595376602,0,2.0807321071624756
234,0.49333333333333335,-646.2673122874517,0,0.002147776773199439
235,0.49333333333333335,-521.1338898654756,0,2.0801258087158203
236,0.49333333333333335,-489.28749999999997,0,2.0797646045684814
237,0.49333333333333335,-385.2551014764617,0,0.0023831799626350403
238,0.49333333333333335,-869.0625,0,2.084960460662842
239,0.49333333333333335,-915.6173122874516,0,0.0019455812871456146
240,0.49333333333333335,-782.8756321840625,0,0.0019481725757941604
241,0.49333333333333335,-760.0826877125482,0,0.0019444226054474711
242,0.49333333333333335,-826.3661101345247,0,0.0019107486587017775
243,0.49333333333333335,-907.9993678159375,0,0.0018848723266273737
244,0.49333333333333335,-972.5698985235383,0,2.0875051021575928
245,0.49333333333333335,-722.6301014764615,0,0.0019178721122443676
246,0.49333333333333335,-748.7326877125485,0,0.0018792388727888465
247,0.49333333333333335,-808.3411101345246,0,4.166773796081543
248,0.49333333333333335,-920.7993678159374,0,0.0018294004257768393
249,0.49333333333333335,-624.494417241381,0,0.002023469191044569
250,0.49333333333333335,-547.8641673919104,0,0.0021045878529548645
251,0.49333333333333335,-613.1944625890613,0,2.085212469100952
252,0.49333333333333335,-461.61201793544336,0,2.082840919494629
253,0.49333333333333335,-670.742982744676,0,0.0020004035905003548
254,0.49333333333333335,-703.8430844984072,0,0.001961278496310115
255,0.49333333333333335,-737.0398678482252,0,0.0019523119553923607
256,0.49333333333333335,-616.3698985235384,0,0.0019151500891894102
257,0.49333333333333335,-496.01250000000005,0,0.0020379023626446724
258,0.49333333333333335,-495.38595376602007,0,0.0020424399990588427
259,0.49333333333333335,-553.5743678159374,0,0.001959666609764099
260,0.49333333333333335,-581.5743678159374,0,0.001925047254189849
261,0.49333333333333335,-413.05768771254844,0,2.078443765640259
262,0.49333333333333335,-523.8359537660201,0,2.079683542251587
263,0.49333333333333335,-450.1006321840626,0,2.077934980392456
264,0.49333333333333335,-582.1173122874516,0,0.0018514494877308607
265,0.49333333333333335,-965.3448985235384,0,0.001676877960562706
266,0.49333333333333335,-899.08595376602,0,0.0017093417700380087
267,0.49333333333333335,-870.76095376602,0,0.0016864377539604902
268,0.49333333333333335,-930.2423122874517,0,0.0016709563788026571
269,0.49333333333333335,-821.66404623398,0,0.001661423360928893
270,0.49333333333333335,-799.7006321840624,0,0.0016544669633731246
271,0.49333333333333335,-720.5051014764616,0,0.0016781790181994438
272,0.49333333333333335,-890.48595376602,0,0.001603473792783916
273,0.49333333333333335,-964.3948985235386,0,0.0015995434951037169
274,0.49333333333333335,-866.6625,0,0.0015651648864150047
275,0.49333333333333335,-932.3673122874516,0,2.0857348442077637
276,0.49333333333333335,-876.2838898654754,0,2.0838756561279297
277,0.49333333333333335,-859.6375,0,0.0015363541897386312
278,0.49333333333333335,-821.01404623398,0,0.001524109742604196
279,0.49333333333333335,-755.8826877125484,0,0.0015394272049888968
280,0.49333333333333335,-951.9423122874516,0,0.0014970751944929361
281,0.49333333333333335,-861.6374999999999,0,0.0014794761082157493
282,0.49333333333333335,-732.6801014764616,0,0.0015186619712039828
283,0.49333333333333335,-891.2609537660198,0,2.0852580070495605
284,0.49333333333333335,-848.8838898654751,0,0.001433385070413351
285,0.49333333333333335,-921.8993678159374,0,2.0843656063079834
286,0.49333333333333335,-966.5698985235385,0,0.0014069507597014308
287,0.49333333333333335,-768.6576877125485,0,0.0014305971562862396
288,0.49333333333333335,-691.4211581349548,0,0.001580072334036231
289,0.49333333333333335,-575.9703376231256,0,0.0015922356396913528
290,0.49333333333333335,-628.1632774096183,0,0.0015432829968631268
291,0.49333333333333335,-725.5591402442299,0,0.0015490645309910178
292,0.49333333333333335,-579.7660177182031,0,0.001553497277200222
293,0.49333333333333335,-512.8541249585583,0,0.0017043119296431541
294,0.49333333333333335,-451.0853586298057,0,0.0016828288789838552
295,0.49333333333333335,-628.6882774096185,0,2.0839803218841553
296,0.49333333333333335,-544.7813514014529,0,0.0015907816123217344
297,0.49333333333333335,-612.8849454301958,0,0.0014605614123865962
298,0.49333333333333335,-517.1632721851978,0,0.0015952519606798887
299,0.49333333333333335,-526.4410052716473,0,0.0014869282022118568
300,0.49,-643.1630053235364,0,4.1655097007751465
301,0.49,-840.9661101345248,0,0.0011753265280276537
302,0.49,-922.5243678159374,0,0.001176510821096599
303,0.49,-744.3051014764616,0,0.0012153565185144544
304,0.49,-964.5698985235384,0,0.0011669157538563013
305,0.49,-943.5173122874517,0,0.0011468733428046107
306,0.49,-863.6875000000001,0,0.0011463247938081622
307,0.49,-791.3006321840626,0,0.0011560161365196109
308,0.49,-888.1838898654752,0,0.0011160423746332526
309,0.49,-792.2506321840626,0,2.0805394649505615
310,0.49,-923.3743678159375,0,0.0010994834592565894
311,0.49,-847.3375000000001,0,0.0011056892108172178
312,0.49,-900.5493678159374,0,0.0010808000806719065
313,0.49,-918.4743678159375,0,0.001077115535736084
314,0.49,-750.1576877125484,0,0.0011107617756351829
315,0.49,-792.4506321840627,0,0.0010585603304207325
316,0.49,-817.2890462339799,0,0.0010302700102329254
317,0.49,-747.6076877125483,0,0.0010705325985327363
318,0.49,-762.5576877125485,0,0.0010257333051413298
319,0.49,-956.3948985235385,0,0.0009926860220730305
320,0.49,-956.2198985235383,0,0.0009591603884473443
321,0.49,-972.6698985235384,0,0.0009301023092120886
322,0.49,-867.6088898654754,0,0.0009162925416603684
323,0.49,-828.2625,0,0.0009141566115431488
324,0.49,-832.9411101345246,0,0.0008694595890119672
325,0.49,-951.7173122874517,0,0.0008633130928501487
326,0.49,-905.7743678159375,0,0.0008481964468955994
327,0.49,-795.61404623398,0,0.0008316654711961746
328,0.49,-961.4698985235384,0,0.0007903180085122585
329,0.49,-863.6838898654753,0,0.0007780114538036287
330,0.49,-825.5390462339801,0,0.0007651321357116103
331,0.49,-904.08595376602,0,0.00073017313843593
332,0.49,-943.8923122874517,0,0.0007046237587928772
333,0.49,-885.2588898654753,0,0.0007000805344432592
334,0.49,-798.9140462339801,0,0.0007008183165453374
335,0.49,-862.2875,0,0.0006599572952836752
336,0.49,-901.4609537660199,0,0.0006566592492163181
337,0.49,-740.8256321840627,0,0.0006911626551300287
338,0.49,-861.5875,0,0.0006145720835775137
339,0.49,-782.4140462339799,0,0.0006532539846375585
340,0.49,-872.7088898654753,0,2.083833694458008
341,0.49,-887.11095376602,0,0.0005511480267159641
342,0.49,-827.5640462339801,0,0.0005621799500659108
343,0.49,-821.5411101345246,0,0.0005477728554978967
344,0.49,-867.2875,0,0.000524014700204134
345,0.49,-580.082017255324,0,0.0007158789085224271
346,0.49,-548.5565486567469,0,0.0008081022533588111
347,0.49,-574.7451989003979,0,0.0007166699506342411
348,0.49,-632.6295263338335,0,0.000677124538924545
349,0.49,-728.4320747007157,0,2.0861399173736572
350,0.49,-726.4293230467479,0,0.0006884627509862185
351,0.49,-516.5040303531249,0,0.0008162492886185646
352,0.49,-692.5737584676647,0,0.000639719539321959
353,0.49,-523.4963474373777,0,2.0804953575134277
354,0.49,-579.2448985235385,0,0.0006314375787042081
355,0.49,-505.3390462339802,0,0.0007136760978028178
356,0.49,-517.3609537660201,0,0.0007024770020507276
357,0.49,-552.3088898654754,0,0.0006526910001412034
358,0.49,-539.2838898654752,0,0.0006798747926950455
359,0.49,-560.33904623398,0,0.0006381138227880001
360,0.49,-547.8390462339801,0,0.0006546960212290287
361,0.49,-464.24111013452466,0,0.0007550899172201753
362,0.49,-614.9698985235384,0,0.000555537873879075
363,0.49,-582.1698985235383,0,0.0005987632903270423
364,0.49,-402.5756321840626,0,2.077277898788452
365,0.49,-497.3756321840624,0,2.0769662857055664
366,0.49,-635.8948985235384,0,0.0005391233135014772
367,0.49,1630.1493678159377,0,0.0008537597022950649
368,0.49,-526.2125,0,0.0006327934679575264
369,0.49,1627.4198985235387,0,0.0008354829042218626
370,0.49,-506.4588898654753,0,0.0006398234982043505
371,0.49,-525.0411101345248,0,0.00060931226471439
372,0.49,-580.4743678159373,0,0.000548260286450386
373,0.49,-449.35768771254834,0,0.0006972375558689237
374,0.49,1646.7448985235383,0,0.0008428888395428658
375,0.49,-538.1338898654753,0,0.0005666852230206132
376,0.49,-535.0161101345248,0,2.0780930519104004
377,0.49,-476.43268771254844,0,0.0006464817561209202
378,0.49,-404.45510147646155,0,0.0007159154629334807
379,0.49,-605.5198985235384,0,0.00046299700625240803
380,0.49,-498.73904623398005,0,0.0005970257916487753
381,0.49,-472.0411101345246,0,0.0006197834154590964
382,0.49,-453.5326877125483,0,0.0006362221902236342
383,0.49,-563.56095376602,0,2.0791547298431396
384,0.49,-442.14111013452475,0,0.0006352500058710575
385,0.49,-485.88750000000016,0,2.076205015182495
386,0.49,-635.5673122874516,0,0.00043695312342606485
387,0.49,-537.8698985235383,0,0.0005139356944710016
388,0.49,-436.16404623397995,0,2.076655149459839
389,0.49,1624.9698985235384,0,0.0007109028520062566
390,0.49,-619.1993678159373,0,0.0004463054647203535
391,0.49,-792.3890462339801,0,0.0003310574684292078
392,0.49,-949.0673122874516,0,0.0003061874595005065
393,0.49,-874.0088898654755,0,0.00029105550493113697
394,0.49,-764.5326877125484,0,0.00033722136868163943
395,0.49,-751.7801014764616,0,0.00033963663736358285
396,0.49,-940.5423122874518,0,0.0002885092981159687
397,0.49,-973.0698985235387,0,0.0002888749586418271
398,0.49,-884.5838898654754,0,0.0002732155262492597
399,0.49,-825.0911101345247,0,0.0003056832356378436
400,0.4866666666666667,-967.1448985235385,0,0.00029490323504433036
401,0.4866666666666667,-802.26404623398,0,0.00030728799174539745
402,0.4866666666666667,-866.9588898654753,0,0.000269553333055228
403,0.4866666666666667,-920.6743678159376,0,0.00026451778830960393
404,0.4866666666666667,-889.78595376602,0,2.0841150283813477
405,0.4866666666666667,-771.2326877125483,0,0.00029602707945741713
406,0.4866666666666667,-950.0673122874516,0,0.00025325894239358604
407,0.4866666666666667,-818.6890462339801,0,2.081794261932373
408,0.4866666666666667,-959.1948985235384,0,0.0002643094048835337
409,0.4866666666666667,-759.1326877125485,0,2.0810723304748535
410,0.4866666666666667,1606.1448985235386,0,0.0006372717907652259
411,0.4866666666666667,1616.492312287452,0,0.0006718973163515329
412,0.4866666666666667,1602.4198985235384,0,0.0006365348817780614
413,0.4866666666666667,-464.63749999999993,0,0.0005789107526652515
414,0.4866666666666667,-585.2423122874516,0,0.00043080010800622404
415,0.4866666666666667,1633.1173122874516,0,0.0007435082807205617
416,0.4866666666666667,-697.5698985235384,0,0.00034099991898983717
417,0.4866666666666667,-490.88749999999993,0,2.076033592224121
418,0.4866666666666667,-551.8088898654755,0,0.0004843796486966312
419,0.4866666666666667,-454.95510147646155,0,0.0005962615250609815
420,0.4866666666666667,-591.4588898654754,0,2.0788376331329346
421,0.4866666666666667,-391.18268771254844,0,0.0007168231531977654
422,0.4866666666666667,-525.16095376602,0,0.0005308351828716695
423,0.4866666666666667,-384.83010147646166,0,0.000717625196557492
424,0.4866666666666667,-545.6875,0,0.000497327302582562
425,0.4866666666666667,-516.2911101345246,0,0.0005358117050491273
426,0.4866666666666667,-636.8173122874517,0,0.0004065093526151031
427,0.4866666666666667,-473.1051014764617,0,2.0769312381744385
428,0.4866666666666667,-477.2640462339799,0,0.0005761265056207776
429,0.4866666666666667,-532.6423122874517,0,0.0004910529823973775
430,0.4866666666666667,-532.2625,0,0.0004930349532514811
431,0.4866666666666667,-510.31250000000006,0,2.07956862449646
432,0.4866666666666667,-541.2625,0,2.0791029930114746
433,0.4866666666666667,-470.3588898654753,0,0.000542265537660569
434,0.4866666666666667,-446.7076877125484,0,0.0005580958677455783
435,0.4866666666666667,-593.7529732406462,0,0.00044355494901537895
436,0.4866666666666667,-568.8522634337326,0,0.0005090874037705362
437,0.4866666666666667,-637.3625,0,2.083530902862549
438,0.4866666666666667,-506.0521761862131,0,0.00054096186067909
439,0.4866666666666667,-534.8884455322357,0,0.0005048075690865517
440,0.4866666666666667,-657.9683129362675,0,2.0848865509033203
441,0.4866666666666667,-866.2375,0,0.0002616249839775264
442,0.4866666666666667,-976.5198985235385,0,2.086291790008545
443,0.4866666666666667,-776.5256321840626,0,0.00029367487877607346
444,0.4866666666666667,-823.9911101345248,0,0.00029198266565799713
445,0.4866666666666667,-931.4448985235385,0,2.0859158039093018
446,0.4866666666666667,-868.6875,0,4.165666580200195
447,0.4866666666666667,-537.4479852210857,0,0.0005665473872795701
448,0.4866666666666667,-611.5875000000001,0,0.0005065849400125444
449,0.4866666666666667,-572.0838760139403,0,2.0815343856811523
450,0.4866666666666667,-702.2963275071697,0,0.0005306355305947363
451,0.4866666666666667,-508.5661101345248,0,0.00063038693042472
452,0.4866666666666667,-515.3609537660201,0,0.0006430147914215922
453,0.4866666666666667,-464.16404623397995,0,0.0007268937188200653
454,0.4866666666666667,-574.1609537660199,0,0.0006008638883940876
455,0.4866666666666667,-496.25888986547534,0,0.0007216845988295972
456,0.4866666666666667,-467.4661101345248,0,0.0007547854329459369
457,0.4866666666666667,-471.0326877125485,0,0.0007669531623832881
458,0.4866666666666667,-649.6698985235384,0,0.0005568725755438209
459,0.4866666666666667,-445.46404623398,0,2.0764808654785156
460,0.4866666666666667,-548.06095376602,0,0.0006658937782049179
461,0.4866666666666667,-473.96250000000003,0,0.0007490037241950631
462,0.4866666666666667,-442.3411101345247,0,0.0007980973459780216
463,0.4866666666666667,-615.5493678159373,0,0.0006047632778063416
464,0.4866666666666667,-396.5006321840626,0,0.0008754508453421295
465,0.4866666666666667,-507.63595376602007,0,0.0006992918206378818
466,0.4866666666666667,-473.80768771254833,0,0.0007325889891944826
467,0.4866666666666667,-720.6948985235384,0,0.0004937635967507958
468,0.4866666666666667,-477.6890462339801,0,0.0007234874647110701
469,0.4866666666666667,-651.2588898654752,0,0.000510741607286036
470,0.4866666666666667,-401.58268771254836,0,0.000791728962212801
471,0.4866666666666667,-467.3576877125483,0,0.0006987494416534901
472,0.4866666666666667,-461.08904623398007,0,0.0006912663811817765
473,0.4866666666666667,-509.75768771254843,0,0.0006071267416700721
474,0.4866666666666667,-624.9911101345249,0,0.00048115334357135
475,0.4866666666666667,-688.7993678159374,0,2.082167863845825
476,0.4866666666666667,1602.9173122874518,0,0.0007469567353837192
477,0.4866666666666667,-460.4624999999999,0,0.000643878651317209
478,0.4866666666666667,-436.98904623397993,0,0.0006603143992833793
479,0.4866666666666667,-613.4912351631701,0,0.0004944551619701087
480,0.4866666666666667,-598.610637089829,0,0.0005629222141578794
481,0.4866666666666667,-569.8085059486817,0,2.081915855407715
482,0.4866666666666667,-566.3775768343851,0,0.0005001836689189076
483,0.4866666666666667,-551.5526918622307,0,0.0005626277416013181
484,0.4866666666666667,-661.6796623768744,0,0.0004073294985573739
485,0.4866666666666667,-513.4875,0,0.0005049938336014748
486,0.4866666666666667,-571.9923122874516,0,0.0004311585798859596
487,0.4866666666666667,-611.5948985235384,0,2.080266237258911
488,0.4866666666666667,-438.1161101345248,0,0.0005848387954756618
489,0.4866666666666667,-576.9088898654754,0,0.0004257835098542273
490,0.4866666666666667,-560.4088898654753,0,0.0004393976123537868
491,0.4866666666666667,-549.7243678159375,0,0.0004490764986258
492,0.4866666666666667,-498.4911101345247,0,0.0005102658760733902
493,0.4866666666666667,-502.0588898654754,0,0.00048822571989148855
494,0.4866666666666667,-572.5506321840625,0,0.00041337727452628314
495,0.4866666666666667,-518.0243678159375,0,0.00047730503138154745
496,0.4866666666666667,-531.7874999999999,0,0.0004453733272384852
497,0.4866666666666667,-527.3375,0,0.0004569563316181302
498,0.4866666666666667,1583.7338898654755,0,0.0006062556058168411
499,0.4866666666666667,1619.4923122874516,0,0.0006329420721158385
500,0.48333333333333334,1621.442167304,0,0.0006195916212163866
501,0.48333333333333334,-481.21404623398007,0,0.0004913848242722452
502,0.48333333333333334,1551.5923122874517,0,0.0005567343905568123
503,0.48333333333333334,-442.4411101345246,0,2.0760231018066406
504,0.48333333333333334,-426.4801014764617,0,0.0005460665561258793
505,0.48333333333333334,-497.43388986547524,0,2.078220844268799
506,0.48333333333333334,-659.4243678159373,0,2.0812911987304688
507,0.48333333333333334,-490.7838898654753,0,2.0778019428253174
508,0.48333333333333334,-404.2640462339799,0,2.076059579849243
509,0.48333333333333334,-525.3625,0,0.00040381832513958216
510,0.48333333333333334,-738.2801014764616,0,0.00024376195506192744
511,0.48333333333333334,-738.2551014764616,0,2.080024242401123
512,0.48333333333333334,-767.4576877125482,0,0.0002387057029409334
513,0.48333333333333334,-970.5448985235384,0,0.00022393294784706086
514,0.48333333333333334,-633.2619946764637,0,0.0003921555762644857
515,0.48333333333333334,-634.9875000000001,0,0.0004258593253325671
516,0.48333333333333334,-707.761336508882,0,0.00040713412454351783
517,0.48333333333333334,-539.9807935534817,0,0.0005146870389580727
518,0.48333333333333334,-483.3701959064523,0,0.0005705629009753466
519,0.48333333333333334,-496.76396081110113,0,0.0005511062918230891
520,0.48333333333333334,-501.2912987316851,0,0.0005871334578841925
521,0.48333333333333334,-542.4365889610833,0,0.0005780485807918012
522,0.48333333333333334,-599.6414940513182,0,0.000503573683090508
523,0.48333333333333334,-556.459218275874,0,2.08084774017334
524,0.48333333333333334,-686.3119401786867,0,2.0854902267456055
525,0.48333333333333334,-579.6686063953775,0,0.0005145403556525707
526,0.48333333333333334,-497.4596511049751,0,0.0005504492437466979
527,0.48333333333333334,-737.9953370862638,0,0.0004508490383159369
528,0.48333333333333334,-517.6936053996119,0,0.0005510741611942649
529,0.48333333333333334,-564.4040485786464,0,0.0005096085951663554
530,0.48333333333333334,-507.9023125597096,0,0.0005146328476257622
531,0.48333333333333334,-928.2923122874516,0,0.00026135495863854885
532,0.48333333333333334,-840.4911101345248,0,2.081054210662842
533,0.48333333333333334,-824.0911101345248,0,0.0002649520174600184
534,0.48333333333333334,-943.9923122874517,0,0.0002498363610357046
535,0.48333333333333334,-871.3838898654753,0,0.0002611057716421783
536,0.48333333333333334,-960.8198985235384,0,2.085864305496216
537,0.48333333333333334,-921.3493678159375,0,0.0002736604365054518
538,0.48333333333333334,-902.1493678159376,0,0.00025927479146048427
539,0.48333333333333334,-820.3640462339802,0,0.0002697305753827095
540,0.48333333333333334,-810.78904623398,0,0.00027594351558946073
541,0.48333333333333334,-913.0743678159374,0,0.0002620731829665601
542,0.48333333333333334,-618.9096370271192,0,0.0005372042651288211
543,0.48333333333333334,-618.7125,0,0.0004935639444738626
544,0.48333333333333334,-571.2693366293114,0,0.00048494170187041163
545,0.48333333333333334,-687.9544939170304,0,0.00044072559103369713
546,0.48333333333333334,-514.1853136978388,0,0.0005430525634437799
547,0.48333333333333334,-608.251511788173,0,4.167077541351318
548,0.48333333333333334,-728.2174580782164,0,0.0004160880343988538
549,0.48333333333333334,-866.4125,0,0.00024886379833333194
550,0.48333333333333334,-880.8338898654753,0,2.083529233932495
551,0.48333333333333334,-735.1051014764616,0,0.00031078874599188566
552,0.48333333333333334,-768.7826877125484,0,2.0806729793548584
553,0.48333333333333334,-811.66404623398,0,2.0822243690490723
554,0.48333333333333334,-495.3161101345246,0,0.000526368385180831
555,0.48333333333333334,-584.5124999999999,0,0.0004596386570483446
556,0.48333333333333334,-527.0661101345245,0,0.000526905118022114
557,0.48333333333333334,-560.8588898654752,0,0.0005121533758938313
558,0.48333333333333334,-636.9173122874518,0,0.0004486535326577723
559,0.48333333333333334,-632.8948985235385,0,0.00046602601651102304
560,0.48333333333333334,-536.1448985235384,0,2.079709529876709
561,0.48333333333333334,-576.6673122874515,0,2.078874111175537
562,0.48333333333333334,-521.2411101345247,0,0.0006005999748595059
563,0.48333333333333334,-499.21095376602005,0,2.0783238410949707
564,0.48333333333333334,-578.5998401006897,0,0.0005718859611079097
565,0.48333333333333334,-715.7217578013731,0,0.0005838192300871015
566,0.48333333333333334,-551.9533747472482,0,0.0006747253937646747
567,0.48333333333333334,-448.88300169889555,0,2.080535888671875
568,0.48333333333333334,-613.7253127034031,0,0.000616535369772464
569,0.48333333333333334,-542.6908597557701,0,0.0006835527601651847
570,0.48333333333333334,-522.2553588728149,0,2.0822272300720215
571,0.48333333333333334,-726.9762365910598,0,0.0005634974222630262
572,0.48333333333333334,-676.3433261067687,0,0.0006513231201097369
573,0.48333333333333334,-617.8609521098488,0,2.083864212036133
574,0.48333333333333334,-547.435580727753,0,0.0006359259132295847
575,0.48333333333333334,-666.70347232279,0,4.167103290557861
576,0.48333333333333334,-643.4173122874516,0,0.0005708348471671343
577,0.48333333333333334,-733.5301014764616,0,0.0005155110266059637
578,0.48333333333333334,-966.3948985235384,0,0.0004999091615900397
579,0.48333333333333334,-745.2051014764616,0,0.0005516830133274198
580,0.48333333333333334,-724.0051014764615,0,0.0005927244201302528
581,0.48333333333333334,-945.8173122874517,0,0.0005333605804480612
582,0.48333333333333334,-817.7161101345247,0,2.082855463027954
583,0.48333333333333334,-824.9625,0,0.0005882442346774042
584,0.48333333333333334,-615.5448985235384,0,0.0007015346782281995
585,0.48333333333333334,-461.6625000000001,0,0.0008938340470194817
586,0.48333333333333334,-595.8088898654754,0,0.0007316182600334287
587,0.48333333333333334,-471.0661101345246,0,0.0008935307851061225
588,0.48333333333333334,-609.5198985235384,0,2.0818471908569336
589,0.48333333333333334,-421.0326877125484,0,0.0009880533907562494
590,0.48333333333333334,1597.1673122874513,0,0.0010125947883352637
591,0.48333333333333334,-486.63388986547534,0,0.0008671920513734221
592,0.48333333333333334,-480.5576877125484,0,0.0008631799137219787
593,0.48333333333333334,-509.43595376602,0,2.0782155990600586
594,0.48333333333333334,-528.9109537660202,0,0.0008054481586441398
595,0.48333333333333334,-491.36404623397993,0,2.076322317123413
596,0.48333333333333334,-607.5673122874516,0,0.0007102368399500847
597,0.48333333333333334,-431.0551014764616,0,0.0009103279444389045
598,0.48333333333333334,-683.6698985235383,0,2.0807394981384277
599,0.48333333333333334,1602.8993678159375,0,0.0009802270215004683
600,0.48,-558.7743678159376,0,2.0778050422668457
601,0.48,-542.3625,0,2.0782618522644043
602,0.48,-863.8338898654753,0,0.0005794769967906177
603,0.48,-975.2698985235384,0,2.0861892700195312
604,0.48,-956.5423122874518,0,4.170246124267578
605,0.48,-752.7076877125485,0,0.000687413034029305
606,0.48,-875.1588898654754,0,0.0006750825559720397
607,0.48,-915.8243678159374,0,0.0006959865568205714
608,0.48,-771.0076877125484,0,0.000738710630685091
609,0.48,-835.7661101345248,0,0.0007406538352370262
610,0.48,-859.3375000000001,0,4.16265869140625
611,0.48,-971.7198985235384,0,0.00079253752483055
612,0.48,-959.2448985235384,0,0.0007814016425982118
613,0.48,-864.7338898654754,0,0.0008129639318212867
614,0.48,-777.0076877125484,0,2.0812087059020996
615,0.48,-824.9161101345247,0,0.0008711150730960071
616,0.48,-908.56095376602,0,0.000835478538647294
617,0.48,-795.2390462339799,0,0.0009074459667317569
618,0.48,-863.7875,0,0.0008585538598708808
619,0.48,-941.0673122874518,0,0.0008744271472096443
620,0.48,-869.9338898654753,0,0.0008786858525127172
621,0.48,-805.8890462339799,0,0.000896160607226193
622,0.48,-742.8801014764615,0,0.0009204343659803271
623,0.48,-761.2326877125485,0,0.0009059749427251518
624,0.48,-832.6125,0,0.0008683400228619576
625,0.48,-860.4588898654754,0,0.0008538013207726181
626,0.48,-885.8088898654753,0,0.0008146613254211843
627,0.48,-933.3743678159375,0,0.00079385656863451
628,0.48,-814.03904623398,0,0.0008128650370053947
629,0.48,-867.3125,0,0.0007733204402029514
630,0.48,-872.0088898654753,0,0.0007572192116640508
631,0.48,-797.5256321840626,0,2.0816922187805176
632,0.48,-559.2673122874515,0,0.000941984064411372
633,0.48,-438.4551014764617,0,0.0010765583720058203
634,0.48,-507.1390462339801,0,0.0009778293315321207
635,0.48,-549.0743678159374,0,0.000925590458791703
636,0.48,-600.6673122874518,0,0.0008537331596016884
637,0.48,-476.53904623397995,0,0.0009930884698405862
638,0.48,-602.3448985235384,0,0.0008351224241778255
639,0.48,-438.93268771254844,0,0.0010187120642513037
640,0.48,-542.8375000000001,0,0.0008616449194960296
641,0.48,-623.4923122874516,0,0.0007858441676944494
642,0.48,-629.0198985235384,0,0.0007461921195499599
643,0.48,-401.8125,0,2.075005054473877
644,0.48,-480.44111013452454,0,0.0008884088019840419
645,0.48,1606.0948985235382,0,0.0009959416929632425
646,0.48,-485.5411101345246,0,0.000867946189828217
647,0.48,-651.8338898654754,0,0.0006796453963033855
648,0.48,-535.5698985235383,0,0.0007827540393918753
649,0.48,-605.0173122874517,0,2.0804879665374756
650,0.48,-548.1673122874515,0,0.0007459879270754755
651,0.48,-603.4243678159373,0,0.0006735412171110511
652,0.48,-420.08904623398007,0,0.0008876300416886806
653,0.48,-539.5493678159376,0,0.0007174116908572614
654,0.48,-554.6338898654751,0,0.0006799876573495567
655,0.48,-526.7625,0,0.000700843520462513
656,0.48,1607.1493678159372,0,2.0927541255950928
657,0.48,-649.6359537660198,0,0.000544640701264143
658,0.48,-620.9359537660199,0,0.0005677175358869135
659,0.48,-370.3411101345247,0,2.075972080230713
660,0.48,-504.29111013452473,0,0.0006573933060280979
661,0.48,-454.38750000000005,0,0.00071166199631989
662,0.48,-499.5551014764616,0,0.0006263013929128647
663,0.48,-395.3756321840627,0,0.0007583696278743446
664,0.48,-406.63904623397997,0,0.0007249815389513969
665,0.48,-453.98268771254834,0,0.0006538021261803806
666,0.48,1610.2859537660202,0,0.00073577044531703
667,0.48,-440.0161101345245,0,0.0006449826760217547
668,0.48,-476.91611013452473,0,0.0005680794129148126
669,0.48,-595.2423122874517,0,0.0004472037253435701
670,0.48,-507.67436781593744,0,4.155012130737305
671,0.48,-606.4673122874517,0,0.0003992309211753309
672,0.48,-868.8088898654752,0,0.00026477064238861203
673,0.48,-733.0301014764616,0,0.0002968480112031102
674,0.48,-830.5161101345248,0,2.0823745727539062
675,0.48,-896.9609537660202,0,0.0002750272979028523
676,0.48,-755.7576877125484,0,2.0806689262390137
677,0.48,-789.6506321840625,0,0.0002804519608616829
678,0.48,-730.1801014764616,0,2.0800771713256836
679,0.48,-667.2087648368299,0,2.083606243133545
680,0.48,-711.929730146755,0,0.0004433535214047879
681,0.48,-738.2643668371177,0,4.170450210571289
682,0.48,-572.3980124164306,0,0.0006074531702324748
683,0.48,-675.1280179130201,0,0.0005292625282891095
684,0.48,-583.6260965733511,0,0.0005662025650963187
685,0.48,-403.12563218406274,0,0.0007480001077055931
686,0.48,-549.5161101345246,0,0.0005808916175737977
687,0.48,-494.6411101345245,0,0.0006505536148324609
688,0.48,-543.7375000000002,0,0.0006141961202956736
689,0.48,-431.13904623397997,0,0.0007707979530096054
690,0.48,-528.7890462339799,0,0.0006464176694862545
691,0.48,-487.2125,0,0.0007009789114817977
692,0.48,-616.2673122874517,0,0.0005597606068477035
693,0.48,-548.2838898654753,0,0.0006248173303902149
694,0.48,-536.6243678159374,0,2.07893705368042
695,0.48,-627.5448985235384,0,0.0005531281349249184
696,0.48,-389.1551014764617,0,0.0008452151669189334
697,0.48,-646.6673122874515,0,0.0005182078457437456
698,0.48,-496.6390462339799,0,0.0006704453262500465
699,0.48,-579.1088898654752,0,0.0005762418149970472
700,0.4766666666666667,-478.5826877125485,0,0.0006713752518408
701,0.4766666666666667,-417.75768771254843,0,0.0007442274945788085
702,0.4766666666666667,-649.6948985235385,0,0.00048204194172285497
703,0.4766666666666667,-444.5390462339801,0,0.0006925063207745552
704,0.4766666666666667,-503.8911101345248,0,2.077822685241699
705,0.4766666666666667,-600.9948985235384,0,0.0004895689198747277
706,0.4766666666666667,1604.4423122874516,0,0.0007545254193246365
707,0.4766666666666667,-562.47198208698,0,2.082064151763916
708,0.4766666666666667,-685.3410530332125,0,0.0005119239795021713
709,0.4766666666666667,-627.767711401393,0,0.0005086515448056161
710,0.4766666666666667,-532.2797293560227,0,0.0006094537675380707
711,0.4766666666666667,1485.1588898654754,0,2.0921921730041504
712,0.4766666666666667,-673.9157974871423,0,0.0005669470992870629
713,0.4766666666666667,-593.9343563403842,0,0.000515804102178663
714,0.4766666666666667,-715.6507456826706,0,0.00047030055429786444
715,0.4766666666666667,-518.5117106383625,0,0.0005183480097912252
716,0.4766666666666667,-534.4180779332174,0,0.0005885993596166372
717,0.4766666666666667,-571.4177646997864,0,2.081468105316162
718,0.4766666666666667,-676.1845996545749,0,2.085153341293335
719,0.4766666666666667,-747.5793230467477,0,0.0004319812578614801
720,0.4766666666666667,-628.3426174175951,0,0.0005196720012463629
721,0.4766666666666667,-660.9188395959976,0,0.0004295545513741672
722,0.4766666666666667,-570.4323825824049,0,2.0818004608154297
723,0.4766666666666667,-631.3375000000001,0,4.165846824645996
724,0.4766666666666667,-711.1244144462046,0,0.0004605506546795368
725,0.4766666666666667,-616.4546533461886,0,0.0004964557010680437
726,0.4766666666666667,-896.23595376602,0,2.084105968475342
727,0.4766666666666667,-854.8375,0,0.0002782157389447093
728,0.4766666666666667,-813.4140462339799,0,0.0003058812581002712
729,0.4766666666666667,-971.1948985235384,0,0.0003011397202499211
730,0.4766666666666667,-760.5576877125484,0,0.0003451816155575216
731,0.4766666666666667,-912.0743678159374,0,0.000322971522109583
732,0.4766666666666667,-823.3661101345247,0,0.000315333076287061
733,0.4766666666666667,-864.4125,0,0.0003072978579439223
734,0.4766666666666667,-786.7256321840624,0,0.0003471116069704294
735,0.4766666666666667,-891.4109537660202,0,0.00031890333048067987
736,0.4766666666666667,-885.9359537660201,0,4.168857097625732
737,0.4766666666666667,-752.2256321840626,0,0.00039069977356120944
738,0.4766666666666667,-836.4411101345247,0,0.00032053625909611583
739,0.4766666666666667,-842.1411101345248,0,0.00032324378844350576
740,0.4766666666666667,-580.3088760139403,0,0.0006004124879837036
741,0.4766666666666667,-527.8660052716473,0,0.0005957259563729167
742,0.4766666666666667,-554.1375,0,0.0005252168048173189
743,0.4766666666666667,-695.98595376602,0,0.00042344554094597697
744,0.4766666666666667,-559.5625,0,0.0005300388438627124
745,0.4766666666666667,-531.61095376602,0,2.0794107913970947
746,0.4766666666666667,-589.6022232636537,0,0.0005548218614421785
747,0.4766666666666667,-527.6080389616795,0,0.0005966885946691036
748,0.4766666666666667,-597.9289392277317,0,0.0005817997734993696
749,0.4766666666666667,-593.1701989003977,0,2.0814762115478516
750,0.4766666666666667,-528.7623009252969,0,0.0006246116827242076
751,0.4766666666666667,-474.29966587723993,0,0.0006975936121307313
752,0.4766666666666667,-675.6204263347765,0,0.0005234667332842946
753,0.4766666666666667,-664.7625,0,0.000510423444211483
754,0.4766666666666667,-725.7294939170305,0,2.0849530696868896
755,0.4766666666666667,-643.8609537660197,0,0.0004605776339303702
756,0.4766666666666667,-532.0948985235384,0,0.0005656745051965117
757,0.4766666666666667,-588.4359537660201,0,2.0805130004882812
758,0.4766666666666667,-461.8006321840627,0,0.0006448448402807117
759,0.4766666666666667,1607.2948985235384,0,0.0007348500075750053
760,0.4766666666666667,-509.94111013452476,0,0.0005816153134219348
761,0.4766666666666667,-555.7673122874517,0,0.0005272049456834793
762,0.4766666666666667,-513.0756321840624,0,0.0005743501242250204
763,0.4766666666666667,1575.7923122874518,0,0.0006991728441789746
764,0.4766666666666667,-520.2411101345247,0,0.0005555686075240374
765,0.4766666666666667,-983.5198985235386,0,0.0003366163873579353
766,0.4766666666666667,-805.0890462339801,0,0.00034579820930957794
767,0.4766666666666667,-778.7006321840626,0,2.0812840461730957
768,0.4766666666666667,-961.8448985235384,0,0.00034111127024516463
769,0.4766666666666667,-512.5326877125484,0,0.0005520473932847381
770,0.4766666666666667,-466.1301014764616,0,0.0005979897687211633
771,0.4766666666666667,-612.2423122874516,0,2.0799527168273926
772,0.4766666666666667,1629.8173122874518,0,0.0007688544574193656
773,0.4766666666666667,-543.2326877125486,0,0.0005222887848503888
774,0.4766666666666667,-562.6673122874516,0,2.07999587059021
775,0.4766666666666667,-413.94111013452476,0,0.00069382693618536
776,0.4766666666666667,-594.9859537660202,0,0.0004800213500857353
777,0.4766666666666667,-495.8588898654753,0,0.0005791461444459856
778,0.4766666666666667,1623.3173122874516,0,0.000734087429009378
779,0.4766666666666667,-430.53904623398,0,0.0006418704870156944
780,0.4766666666666667,-619.4923122874516,0,0.0004455948364920914
781,0.4766666666666667,-519.4423122874516,0,0.0005431170575320721
782,0.4766666666666667,-484.88268771254843,0,0.0005523905856534839
783,0.4766666666666667,-948.0173122874515,0,0.0003094733983743936
784,0.4766666666666667,-759.6076877125483,0,0.00033153098775073886
785,0.4766666666666667,-980.3948985235384,0,0.0002867798903025687
786,0.4766666666666667,-856.9875000000001,0,0.0002843491383828223
787,0.4766666666666667,-835.6911101345248,0,0.0002835103659890592
788,0.4766666666666667,-931.9673122874517,0,2.0856029987335205
789,0.4766666666666667,-441.3256321840626,0,0.000600902596488595
790,0.4766666666666667,-575.2948985235384,0,2.0789451599121094
791,0.4766666666666667,-710.9448985235384,0,0.0003401210415177047
792,0.4766666666666667,-631.8243678159374,0,2.080336332321167
793,0.4766666666666667,-601.2698985235384,0,0.00041517458157613873
794,0.4766666666666667,-672.7460607722685,0,0.0004377963487058878
795,0.4766666666666667,-539.0523125597097,0,0.0005573160015046597
796,0.4766666666666667,-628.4868586334227,0,2.0831456184387207
797,0.4766666666666667,-639.5625000000001,0,0.000494379666633904
798,0.4766666666666667,-491.07682670480835,0,0.0005906614824198186
799,0.4766666666666667,-580.4572353002138,0,0.000540528679266572
800,0.47333333333333333,-703.419218082849,0,0.0005848454311490059
801,0.47333333333333333,-530.3970285092271,0,0.0006161017809063196
802,0.47333333333333333,-645.8134110389169,0,0.0004863548092544079
803,0.47333333333333333,-613.7865889610832,0,0.0004862739588133991
804,0.47333333333333333,-642.7929428710088,0,0.0004974067560397089
805,0.47333333333333333,-580.822367688331,0,2.082085132598877
806,0.47333333333333333,-547.4092182758741,0,0.0005038459203206003
807,0.47333333333333333,-541.544587421135,0,0.00062136712949723
808,0.47333333333333333,-605.0875,0,0.0004672828072216362
809,0.47333333333333333,-638.059356340384,0,0.0005104892188683152
810,0.47333333333333333,-653.5257980874394,0,0.000503839401062578
811,0.47333333333333333,-926.1743678159376,0,2.0826539993286133
812,0.47333333333333333,-833.0911101345249,0,0.0003101404872722924
813,0.47333333333333333,-938.6923122874516,0,0.00029632399673573673
814,0.47333333333333333,-775.7076877125484,0,0.00032295164419338107
815,0.47333333333333333,-767.2826877125485,0,0.00033832198823802173
816,0.47333333333333333,-938.2493678159374,0,0.0002924044383689761
817,0.47333333333333333,-911.1743678159376,0,0.0002996377879753709
818,0.47333333333333333,-743.6301014764615,0,0.00034874858101829886
819,0.47333333333333333,-971.1698985235382,0,0.00028335920069366693
820,0.47333333333333333,-735.9301014764615,0,0.0003480257873889059
821,0.47333333333333333,-878.1838898654753,0,0.0002826264244504273
822,0.47333333333333333,-852.1088898654754,0,0.000297961407341063
823,0.47333333333333333,-902.66095376602,0,0.00027427569148130715
824,0.47333333333333333,-928.1993678159374,0,0.0002681919140741229
825,0.47333333333333333,-836.9875,0,0.0002937265089713037
826,0.47333333333333333,-791.6506321840625,0,0.00028254155768081546
827,0.47333333333333333,-926.3993678159375,0,0.00024792717886157334
828,0.47333333333333333,-735.7051014764616,0,0.0002928313333541155
829,0.47333333333333333,-935.5673122874516,0,0.0002464238496031612
830,0.47333333333333333,-934.6423122874514,0,0.00025609269505366683
831,0.47333333333333333,-872.1838898654753,0,0.00023842747032176703
832,0.47333333333333333,-914.7243678159375,0,2.0846917629241943
833,0.47333333333333333,-748.5826877125484,0,0.00026654431712813675
834,0.47333333333333333,-532.6240613636643,0,0.0004984991392120719
835,0.47333333333333333,-744.4656316312974,0,0.00040266173891723156
836,0.47333333333333333,-621.7625,0,0.00039357933565042913
837,0.47333333333333333,-503.0061868959965,0,0.0005411114543676376
838,0.47333333333333333,-711.3378941119506,0,4.171318054199219
839,0.47333333333333333,-605.2296533461887,0,0.00045327277621254325
840,0.47333333333333333,-614.5375000000001,0,2.0831551551818848
841,0.47333333333333333,-772.2006321840626,0,0.00023340915504377335
842,0.47333333333333333,-904.5359537660199,0,0.00023064079869072884
843,0.47333333333333333,-824.1161101345247,0,0.000252998317591846
844,0.47333333333333333,-814.4640462339801,0,0.00027912663063034415
845,0.47333333333333333,-961.3448985235384,0,0.0003076065913774073
846,0.47333333333333333,-860.6875000000001,0,0.0002645339700393379
847,0.47333333333333333,-953.2698985235386,0,0.00028863275656476617
848,0.47333333333333333,-851.9375,0,0.00024062230659183115
849,0.47333333333333333,-881.5338898654753,0,0.0002219694433733821
850,0.47333333333333333,-954.1673122874515,0,0.00023079859965946525
851,0.47333333333333333,-818.0411101345246,0,0.00023928331211209297
852,0.47333333333333333,-845.9375,0,0.00022640915994998068
853,0.47333333333333333,-772.4326877125485,0,0.00025487964740023017
854,0.47333333333333333,-900.23595376602,0,0.00021774988272227347
855,0.47333333333333333,-774.7756321840625,0,0.0002725705853663385
856,0.47333333333333333,-904.4993678159374,0,0.00020570654305629432
857,0.47333333333333333,-868.0588898654752,0,0.00021335159544833004
858,0.47333333333333333,-891.7838898654753,0,0.00019482643983792514
859,0.47333333333333333,-916.4993678159375,0,0.00019804805924650282
860,0.47333333333333333,-899.03595376602,0,2.0840654373168945
861,0.47333333333333333,-884.9338898654753,0,2.0832157135009766
862,0.47333333333333333,-958.7448985235384,0,0.00020981549459975213
863,0.47333333333333333,-853.2875,0,0.0002030439645750448
864,0.47333333333333333,-860.4875,0,0.00019579945364966989
865,0.47333333333333333,-856.5374999999999,0,0.00019253668142482638
866,0.47333333333333333,-781.7256321840625,0,0.0002141392178600654
867,0.47333333333333333,-895.0609537660199,0,0.0001997082435991615
868,0.47333333333333333,-739.1301014764615,0,0.00023550416517537087
869,0.47333333333333333,-939.6923122874516,0,6.255271911621094
870,0.47333333333333333,-518.3743678159376,0,0.00044612912461161613
871,0.47333333333333333,-553.7125000000001,0,2.077521800994873
872,0.47333333333333333,-633.2198985235383,0,0.0003698907094076276
873,0.47333333333333333,-442.28904623398006,0,0.0006148711545392871
874,0.47333333333333333,-450.66095376602004,0,2.076728343963623
875,0.47333333333333333,-615.8448985235383,0,2.081066131591797
876,0.47333333333333333,-482.43268771254844,0,2.077364206314087
877,0.47333333333333333,-541.0609537660201,0,0.0006107427179813385
878,0.47333333333333333,-516.6161101345248,0,0.0006411015056073666
879,0.47333333333333333,1472.9551014764616,0,0.0009725540294311941
880,0.47333333333333333,1535.4493678159374,0,0.0007219836115837097
881,0.47333333333333333,1522.4130074839493,0,0.000704348087310791
882,0.47333333333333333,-674.3510694307226,0,0.0006770069594494998
883,0.47333333333333333,-673.2657974871423,0,2.083747625350952
884,0.47333333333333333,-546.3987734840623,0,0.0007463610963895917
885,0.47333333333333333,-534.5346511049751,0,0.0007405029609799385
886,0.47333333333333333,-719.439867848225,0,0.0006270998856052756
887,0.47333333333333333,-625.5484149244754,0,0.0006834586965851486
888,0.47333333333333333,-558.6998401006895,0,0.0007199005922302604
889,0.47333333333333333,-617.3875,0,0.0007687226752750576
890,0.47333333333333333,-625.0369946764638,0,0.0007236857782118022
891,0.47333333333333333,-693.9106278197082,0,0.0007026678649708629
892,0.47333333333333333,-478.58372867820935,0,0.0008698629098944366
893,0.47333333333333333,-696.0937271744599,0,2.085876703262329
894,0.47333333333333333,-502.91364906632384,0,2.0827369689941406
895,0.47333333333333333,-591.0813646835802,0,0.0007330089574679732
896,0.47333333333333333,-573.2669292563633,0,0.0007388786179944873
897,0.47333333333333333,-592.5698985235384,0,0.0006276807398535311
898,0.47333333333333333,-441.60510147646164,0,2.0763347148895264
899,0.47333333333333333,-448.78904623398,0,0.0007998786168172956
900,0.47,-444.40063218406254,0,0.0007910029962658882
901,0.47,1659.4430036676144,0,2.094028949737549
902,0.47,-461.14111013452464,0,0.0007871181587688625
903,0.47,-613.9243678159374,0,0.0005648662336170673
904,0.47,-659.8423122874517,0,0.0005449564778245986
905,0.47,-443.45063218406256,0,0.0007635548245161772
906,0.47,-518.6125000000001,0,2.078979969024658
907,0.47,-413.20063218406244,0,0.0007927543483674526
908,0.47,-432.1256321840626,0,0.0007639857940375805
909,0.47,-500.38904623397985,0,0.0006334157078526914
910,0.47,-530.1493678159375,0,0.0006101190228946507
911,0.47,-517.6088898654752,0,0.0006053910474292934
912,0.47,1653.1917932374504,0,0.000819857872556895
913,0.47,-562.1448985235385,0,2.080505847930908
914,0.47,-550.4640462339798,0,2.0778956413269043
915,0.47,1614.2698985235384,0,0.00073936179978773
916,0.47,-463.63268771254843,0,0.0006052497192285955
917,0.47,-387.78811002318326,0,0.0007254959782585502
918,0.47,-685.1109304783946,0,0.0011273380368947983
919,0.47,-681.8286537135115,0,0.0008012112230062485
920,0.47,-725.634599654575,0,0.0004942432278767228
921,0.47,-579.6198426015569,0,0.0005648758378811181
922,0.47,-611.9845716343575,0,0.0004897303297184408
923,0.47,-686.8664677103155,0,0.00045155358384363353
924,0.47,-738.5953370862638,0,0.00045081909047439694
925,0.47,-691.2724231656148,0,0.0003798135439865291
926,0.47,-720.0361108512352,0,0.00033459969563409686
927,0.47,-638.9367225903816,0,0.0004516711342148483
928,0.47,-573.5413312383131,0,0.0004968472640030086
929,0.47,-656.872034950674,0,0.0004553792532533407
930,0.47,-656.5869401786867,0,2.085484266281128
931,0.47,-535.7727148501849,0,0.00045254811993800104
932,0.47,-652.9375,0,0.0003569696273189038
933,0.47,-682.6295605650846,0,2.0860204696655273
934,0.47,-715.0762365910596,0,0.0003595686284825206
935,0.47,-582.082382582405,0,2.0813026428222656
936,0.47,-937.6173122874516,0,0.00020467180002015084
937,0.47,-823.3411101345246,0,0.00022445930517278612
938,0.47,-882.6088898654754,0,0.00019817570864688605
939,0.47,-925.6993678159375,0,0.00019842670008074492
940,0.47,-928.0743678159374,0,0.00019353772222530097
941,0.47,-895.6359537660201,0,0.0002225137286586687
942,0.47,1605.2673122874517,0,0.0005868328735232353
943,0.47,-571.8448985235384,0,0.0003702148678712547
944,0.47,-528.3661101345247,0,0.0004140514356549829
945,0.47,-532.41095376602,0,0.0004104441904928535
946,0.47,-505.09111013452485,0,0.000443688768427819
947,0.47,-570.01404623398,0,0.00038076326018199325
948,0.47,-618.76095376602,0,0.00030094015528447926
949,0.47,-580.71095376602,0,0.0003664153628051281
950,0.47,-563.3423122874515,0,0.0003732891636900604
951,0.47,-500.26404623397997,0,0.0004310546792112291
952,0.47,-529.0109537660201,0,0.0003949554811697453
953,0.47,-440.46404623397996,0,2.0766453742980957
954,0.47,-721.5993678159374,0,0.00024902058066800237
955,0.47,1591.5948985235382,0,0.0005492003401741385
956,0.47,-521.7859537660202,0,0.0004128575965296477
957,0.47,-541.0698985235384,0,0.0003792319621425122
958,0.47,-456.2411101345248,0,0.0004848015960305929
959,0.47,-608.3448985235384,0,2.0791940689086914
960,0.47,-456.70063218406256,0,0.0005035969079472125
961,0.47,-423.60063218406265,0,0.0005150914657860994
962,0.47,-554.9423122874516,0,0.0003998996107839048
963,0.47,-513.9993678159373,0,0.00043652759632095695
964,0.47,1607.0588898654755,0,2.094202756881714
965,0.47,-426.0006321840625,0,2.075899600982666
966,0.47,-517.9756321840624,0,0.0004269892815500498
967,0.47,-504.3088898654752,0,0.0004381848848424852
968,0.47,-430.1411101345247,0,0.0005421831738203764
969,0.47,-530.2875,0,2.0780043601989746
970,0.47,-492.98388986547525,0,0.000431601598393172
971,0.47,-534.7342182758742,0,0.00047590723261237144
972,0.47,-708.4962866288367,0,0.00027316866908222437
973,0.47,-620.4933261067688,0,2.084294080734253
974,0.47,-581.0390989083958,0,0.00032703677425161004
975,0.47,-557.7390695216055,0,0.00038714538095518947
976,0.47,-665.5019875835695,0,0.0003636673209257424
977,0.47,-592.937189495323,0,0.00041785193025134504
978,0.47,-674.4900545698043,0,0.00033123232424259186
979,0.47,-611.2030524549083,0,0.00031942478381097317
980,0.47,-556.6701959064524,0,0.00042364170076325536
981,0.47,-596.9970285092271,0,0.0003849337517749518
982,0.47,-738.8238770856462,0,0.0002750636776909232
983,0.47,-527.8356239460422,0,0.00047149043530225754
984,0.47,-501.9387629627536,0,0.0004907030379399657
985,0.47,-503.4738711892115,0,0.0005141292931511998
986,0.47,-725.2252051819976,0,0.0003807215252891183
987,0.47,-550.6662410861486,0,0.0004501554649323225
988,0.47,-545.3053990428936,0,0.00044417608296498656
989,0.47,-610.8778828653562,0,0.0003726254217326641
990,0.47,-544.8395242866678,0,0.0004752535605803132
991,0.47,-676.9378495739019,0,0.0003546495863702148
992,0.47,-585.2622461127708,0,0.000388626242056489
993,0.47,-618.5787010449017,0,0.00034328235778957605
994,0.47,-698.830734115039,0,0.0003645093529485166
995,0.47,-525.8438099028401,0,0.0004155742353759706
996,0.47,-613.7632774096182,0,0.00035935998312197626
997,0.47,-527.8134285203878,0,0.0005296351155266166
998,0.47,-704.3043230467476,0,0.0003378824330866337
999,0.47,-736.405734115039,0,0.0003224668325856328
